video_id,skill_id,batch_id
lLRBYKwP8GQ,numpy_array_manipulation,2025-11-07-static-v1
xECXZ3tyONo,numpy_array_manipulation,2025-11-07-static-v1
QUT1VHiLmmI,numpy_array_manipulation,2025-11-07-static-v1
9fcTq8PDWWA,numpy_array_manipulation,2025-11-07-static-v1
VXU4LSAQDSc,numpy_array_manipulation,2025-11-07-static-v1
rN0TREj8G7U,numpy_array_manipulation,2025-11-07-static-v1
NYPKbmE0H6E,numpy_array_manipulation,2025-11-07-static-v1
EnhgbolbEe0,numpy_array_manipulation,2025-11-07-static-v1
CVyIbakZVEM,numpy_array_manipulation,2025-11-07-static-v1
8JfDAm9y_7s,numpy_array_manipulation,2025-11-07-static-v1
Gc-dwloxNFE,numpy_array_manipulation,2025-11-07-static-v1
1qz7qUM6yUI,numpy_array_manipulation,2025-11-07-static-v1
a8aDcLk4vRc,numpy_array_manipulation,2025-11-07-static-v1
SqhVpJSHuyI,numpy_array_manipulation,2025-11-07-static-v1
uRsE5WGiKWo,numpy_array_manipulation,2025-11-07-static-v1
0Ef84hdxlTI,numpy_array_manipulation,2025-11-07-static-v1
4uFs1qouPEI,numpy_array_manipulation,2025-11-07-static-v1
Rldzskbnjgo,numpy_array_manipulation,2025-11-07-static-v1
biLz7KPgHJA,numpy_array_manipulation,2025-11-07-static-v1
G14STCiT2Jw,numpy_array_manipulation,2025-11-07-static-v1
tdWLrmnayBI,numpy_array_manipulation,2025-11-07-static-v1
AAS8yoKuK7M,numpy_array_manipulation,2025-11-07-static-v1
KJlHh8mBQyY,numpy_array_manipulation,2025-11-07-static-v1
l6Vsu5SX_Wc,numpy_array_manipulation,2025-11-07-static-v1
NTsWJm6TuW0,numpy_array_manipulation,2025-11-07-static-v1
dQrYF8w6DTk,numpy_array_manipulation,2025-11-07-static-v1
bw4uM_UF2DU,numpy_array_manipulation,2025-11-07-static-v1
JTO2ED5Vr0Q,numpy_array_manipulation,2025-11-07-static-v1
uIfV2XPyKOo,numpy_array_manipulation,2025-11-07-static-v1
Ss9ZYxlP8LM,numpy_array_manipulation,2025-11-07-static-v1
E6aL4mbTzmg,numpy_array_manipulation,2025-11-07-static-v1
uDiNB55nBZU,numpy_array_manipulation,2025-11-07-static-v1
HDU0AcayfCo,numpy_array_manipulation,2025-11-07-static-v1
biSYY7_Ajtw,numpy_array_manipulation,2025-11-07-static-v1
wSerhE26qlU,numpy_array_manipulation,2025-11-07-static-v1
4F-YLuTg1uk,numpy_array_manipulation,2025-11-07-static-v1
gGw8Lf_Y6Ic,numpy_array_manipulation,2025-11-07-static-v1
9XcvvNFWeI0,numpy_array_manipulation,2025-11-07-static-v1
KHoEbRH46Zk,numpy_array_manipulation,2025-11-07-static-v1
aegyF26ppP4,numpy_array_manipulation,2025-11-07-static-v1
eClQWW_gbFk,numpy_array_manipulation,2025-11-07-static-v1
4c_mwnYdbhQ,numpy_array_manipulation,2025-11-07-static-v1
gnKbAAVUzro,numpy_array_manipulation,2025-11-07-static-v1
JbB8CQJIaNo,numpy_array_manipulation,2025-11-07-static-v1
nRkHDb0AAL8,numpy_array_manipulation,2025-11-07-static-v1
XC_j0cr_a8U,numpy_array_manipulation,2025-11-07-static-v1
-cuhXbg8UBI,numpy_array_manipulation,2025-11-07-static-v1
E1IPJOd7dWQ,numpy_array_manipulation,2025-11-07-static-v1
4qyjiMD3Ii0,numpy_array_manipulation,2025-11-07-static-v1
xd0A6xmgYbs,numpy_array_manipulation,2025-11-07-static-v1
oud3Jd1FJ7c,numpy_array_manipulation,2025-11-07-static-v1
CGCPOhwtZEs,numpy_array_manipulation,2025-11-07-static-v1
A8nAVCM_BWo,numpy_array_manipulation,2025-11-07-static-v1
bDhvCp3_lYw,pandas_data_cleaning,2025-11-07-static-v1
5eYTaYHzoEE,pandas_data_cleaning,2025-11-07-static-v1
iaZQF8SLHJs,pandas_data_cleaning,2025-11-07-static-v1
MDaMmWBI-S8,pandas_data_cleaning,2025-11-07-static-v1
qxpKCBV60U4,pandas_data_cleaning,2025-11-07-static-v1
Ck0QgwiCEIs,pandas_data_cleaning,2025-11-07-static-v1
KdmPHEnPJPs,pandas_data_cleaning,2025-11-07-static-v1
jFIiTR4PKpQ,pandas_data_cleaning,2025-11-07-static-v1
2uvysYbKdjM,pandas_data_cleaning,2025-11-07-static-v1
aegyF26ppP4,pandas_data_cleaning,2025-11-07-static-v1
WpX2F2BS3Qc,pandas_data_cleaning,2025-11-07-static-v1
Mdq1WWSdUtw,pandas_data_cleaning,2025-11-07-static-v1
mkYBJwX_dMs,pandas_data_cleaning,2025-11-07-static-v1
xi0vhXFPegw,pandas_data_cleaning,2025-11-07-static-v1
GjAkPirfHBA,pandas_data_cleaning,2025-11-07-static-v1
cAap5kVnpLM,pandas_data_cleaning,2025-11-07-static-v1
OEzg2WwlDcg,pandas_data_cleaning,2025-11-07-static-v1
aehDav2peFU,pandas_data_cleaning,2025-11-07-static-v1
ZX8vmcSTCrc,pandas_data_cleaning,2025-11-07-static-v1
hnGuedS-Rss,pandas_data_cleaning,2025-11-07-static-v1
I7DZP4rVQOU,pandas_data_cleaning,2025-11-07-static-v1
Vbe2GaWGKgk,pandas_data_cleaning,2025-11-07-static-v1
GNgutUElOTk,pandas_data_cleaning,2025-11-07-static-v1
7qcfWbIOyPI,pandas_data_cleaning,2025-11-07-static-v1
VqYQCm1ZyRY,pandas_data_cleaning,2025-11-07-static-v1
b0oTpOq27o4,pandas_data_cleaning,2025-11-07-static-v1
tRKeLrwfUgU,pandas_data_cleaning,2025-11-07-static-v1
L3xcimk8GpM,pandas_data_cleaning,2025-11-07-static-v1
3lcJl4hhW9c,pandas_data_cleaning,2025-11-07-static-v1
EeWMidT9JMs,pandas_data_cleaning,2025-11-07-static-v1
ARMdSL4WI88,pandas_data_cleaning,2025-11-07-static-v1
LdeP61l_nQA,pandas_data_cleaning,2025-11-07-static-v1
w_CMEOtz8uQ,pandas_data_cleaning,2025-11-07-static-v1
QbOE-LCY4Hs,pandas_data_cleaning,2025-11-07-static-v1
EaGbS7eWSs0,pandas_data_cleaning,2025-11-07-static-v1
TQ1g6wZkYI4,pandas_data_cleaning,2025-11-07-static-v1
MsoCTcaLbZY,pandas_data_cleaning,2025-11-07-static-v1
uDr67HBIPz8,pandas_data_cleaning,2025-11-07-static-v1
wUuILD-3VJU,pandas_data_cleaning,2025-11-07-static-v1
AbBZYHNYFaY,pandas_data_cleaning,2025-11-07-static-v1
YxZ0D_PRN2w,pandas_data_cleaning,2025-11-07-static-v1
fCMrO_VzeL8,pandas_data_cleaning,2025-11-07-static-v1
Z_SQ6nj1pvs,pandas_data_cleaning,2025-11-07-static-v1
E1_pHKOfUxA,pandas_data_cleaning,2025-11-07-static-v1
csG53mxVdk8,pandas_data_cleaning,2025-11-07-static-v1
nQ8mx4zN6SM,pandas_data_cleaning,2025-11-07-static-v1
XOxABiMhG2U,pandas_data_cleaning,2025-11-07-static-v1
QVJY4qJ5-YE,pandas_data_cleaning,2025-11-07-static-v1
LXMLq-bke5w,pandas_data_cleaning,2025-11-07-static-v1
u8N5B-nXhKc,pandas_data_cleaning,2025-11-07-static-v1
LAh3cagKZ6E,pandas_data_cleaning,2025-11-07-static-v1
p51jngaf0g4,pandas_data_cleaning,2025-11-07-static-v1
TSzJUF-Prbg,pandas_data_cleaning,2025-11-07-static-v1
IVZYSLzZHs0,pandas_data_cleaning,2025-11-07-static-v1
yvgVHk9ntKQ,pandas_data_cleaning,2025-11-07-static-v1
vSyymtg_BVw,pandas_data_cleaning,2025-11-07-static-v1
DkjCaAMBGWM,pandas_data_cleaning,2025-11-07-static-v1
DXNBYtpwB_g,pandas_data_cleaning,2025-11-07-static-v1
RFMXrKK15xo,pandas_data_cleaning,2025-11-07-static-v1
q5zEmfzzWbQ,pandas_data_cleaning,2025-11-07-static-v1
6rDqwji7eMc,pandas_data_cleaning,2025-11-07-static-v1
REdEQdmvMa0,pandas_data_cleaning,2025-11-07-static-v1
LSH1tkTmCvM,pandas_data_cleaning,2025-11-07-static-v1
gtjxAH8uaP0,pandas_data_cleaning,2025-11-07-static-v1
dMq7fnKU-Z4,pandas_data_cleaning,2025-11-07-static-v1
U_xMLEnGivg,pandas_data_cleaning,2025-11-07-static-v1
_Eb0utIRdkw,pandas_data_cleaning,2025-11-07-static-v1
w2cx9BEiq1U,pandas_data_cleaning,2025-11-07-static-v1
m6ucljvcn9c,pandas_data_cleaning,2025-11-07-static-v1
OZOOLe2imFo,matplotlib_visualization,2025-11-07-static-v1
D4VlmL3G4_o,matplotlib_visualization,2025-11-07-static-v1
wB9C0Mz9gSo,matplotlib_visualization,2025-11-07-static-v1
UO98lJQ3QGI,matplotlib_visualization,2025-11-07-static-v1
3Xc3CA655Y4,matplotlib_visualization,2025-11-07-static-v1
c9vhHUGdav0,matplotlib_visualization,2025-11-07-static-v1
qErBw-R2Ybk,matplotlib_visualization,2025-11-07-static-v1
cTJBJH8hacc,matplotlib_visualization,2025-11-07-static-v1
DAQNHzOcO5A,matplotlib_visualization,2025-11-07-static-v1
xXibS9832FM,matplotlib_visualization,2025-11-07-static-v1
nzKy9GY12yo,matplotlib_visualization,2025-11-07-static-v1
0P7QnIQDBJY,matplotlib_visualization,2025-11-07-static-v1
a9UrKTVEeZA,matplotlib_visualization,2025-11-07-static-v1
SyeQhJF4ny0,matplotlib_visualization,2025-11-07-static-v1
qqwf4Vuj8oM,matplotlib_visualization,2025-11-07-static-v1
2KY5AaFvWtE,matplotlib_visualization,2025-11-07-static-v1
gvn8RIG38CM,matplotlib_visualization,2025-11-07-static-v1
DFBkTIhptOQ,matplotlib_visualization,2025-11-07-static-v1
yZTBMMdPOww,matplotlib_visualization,2025-11-07-static-v1
q7Bo_J8x_dw,matplotlib_visualization,2025-11-07-static-v1
2mCIcm8xau0,matplotlib_visualization,2025-11-07-static-v1
czQO1_GEEos,matplotlib_visualization,2025-11-07-static-v1
4O_o53ag3ag,matplotlib_visualization,2025-11-07-static-v1
l3uEbSXE6cY,matplotlib_visualization,2025-11-07-static-v1
jNiQaErXg8s,matplotlib_visualization,2025-11-07-static-v1
UZDP9IPMqcs,matplotlib_visualization,2025-11-07-static-v1
hkU4_fyZo40,matplotlib_visualization,2025-11-07-static-v1
MbKrSmoMads,matplotlib_visualization,2025-11-07-static-v1
ehlmVfPACFc,matplotlib_visualization,2025-11-07-static-v1
09ja09E9ThE,matplotlib_visualization,2025-11-07-static-v1
50SGBO3Psqk,matplotlib_visualization,2025-11-07-static-v1
SIlLbTon6V0,matplotlib_visualization,2025-11-07-static-v1
X69y9N65Iu8,matplotlib_visualization,2025-11-07-static-v1
ugBTczoyFRo,matplotlib_visualization,2025-11-07-static-v1
aegyF26ppP4,matplotlib_visualization,2025-11-07-static-v1
Ercd-Ip5PfQ,matplotlib_visualization,2025-11-07-static-v1
0QLJduh1MNM,matplotlib_visualization,2025-11-07-static-v1
zNhq_oCTPcM,matplotlib_visualization,2025-11-07-static-v1
FN78JowwpSY,matplotlib_visualization,2025-11-07-static-v1
4qq7W4_V5pI,matplotlib_visualization,2025-11-07-static-v1
pgU1vYKeoaE,matplotlib_visualization,2025-11-07-static-v1
8Hnvd_cjKIw,matplotlib_visualization,2025-11-07-static-v1
4uHye1tSQP8,matplotlib_visualization,2025-11-07-static-v1
-jTD74eEy2I,matplotlib_visualization,2025-11-07-static-v1
uF0BAYfyqFo,matplotlib_visualization,2025-11-07-static-v1
r-uOLxNrNk8,matplotlib_visualization,2025-11-07-static-v1
0B5eIE_1vpU,sklearn_model_training,2025-11-07-static-v1
SW0YGA9d8y8,sklearn_model_training,2025-11-07-static-v1
-IvNzmrcyUM,sklearn_model_training,2025-11-07-static-v1
SIEaLBXr0rk,sklearn_model_training,2025-11-07-static-v1
M9Itm95JzL0,sklearn_model_training,2025-11-07-static-v1
pqNCD_5r0IU,sklearn_model_training,2025-11-07-static-v1
B5VFg5l6rRs,sklearn_model_training,2025-11-07-static-v1
7z8-QWlbmoo,sklearn_model_training,2025-11-07-static-v1
RiEpSd4j0vE,sklearn_model_training,2025-11-07-static-v1
0Lt9w-BxKFQ,sklearn_model_training,2025-11-07-static-v1
t3ecaDij_pU,sklearn_model_training,2025-11-07-static-v1
bwZ3Qiuj3i8,sklearn_model_training,2025-11-07-static-v1
ccukQiz2X5o,sklearn_model_training,2025-11-07-static-v1
DSI5bcxeBvc,sklearn_model_training,2025-11-07-static-v1
TpmDITl8Qwk,sklearn_model_training,2025-11-07-static-v1
xIqX1dqcNbY,sklearn_model_training,2025-11-07-static-v1
oFa8NvTLkKE,sklearn_model_training,2025-11-07-static-v1
hDKCxebp88A,sklearn_model_training,2025-11-07-static-v1
SjOfbbfI2qY,sklearn_model_training,2025-11-07-static-v1
0tv6ehKCZJQ,sklearn_model_training,2025-11-07-static-v1
777Qb0gHuJU,sklearn_model_training,2025-11-07-static-v1
_QuGM_FW9eo,sklearn_model_training,2025-11-07-static-v1
qNxrPri1V0I,sklearn_model_training,2025-11-07-static-v1
aL21Y-u0SRs,sklearn_model_training,2025-11-07-static-v1
CVszSgTWODE,sklearn_model_training,2025-11-07-static-v1
RlQuVL6-qe8,sklearn_model_training,2025-11-07-static-v1
-8s9KuNo5SA,sklearn_model_training,2025-11-07-static-v1
29ZQ3TDGgRQ,sklearn_model_training,2025-11-07-static-v1
BotYLBQfd5M,sklearn_model_training,2025-11-07-static-v1
XmSlFPDjKdc,sklearn_model_training,2025-11-07-static-v1
ib7-rrG4gIA,sklearn_model_training,2025-11-07-static-v1
ETChs4iQa8g,sklearn_model_training,2025-11-07-static-v1
QSoEWNJg3B4,sklearn_model_training,2025-11-07-static-v1
8zrnT1693_4,sklearn_model_training,2025-11-07-static-v1
tJ2SlPcYdc0,sklearn_model_training,2025-11-07-static-v1
acXmk4Bx8pI,sklearn_model_training,2025-11-07-static-v1
il8dMDlXrIE,sklearn_model_training,2025-11-07-static-v1
MSAw7Q-ffsY,sklearn_model_training,2025-11-07-static-v1
85dtiMz9tSo,sklearn_model_training,2025-11-07-static-v1
QVuSQJBSEGM,sklearn_model_training,2025-11-07-static-v1
6rpz0NSErSQ,sklearn_model_training,2025-11-07-static-v1
RJs-KNrwYKY,sklearn_model_training,2025-11-07-static-v1
XWx8sjTkiuQ,sklearn_model_training,2025-11-07-static-v1
lzXKsY3bANw,sklearn_model_training,2025-11-07-static-v1
57duf16I74c,sklearn_model_training,2025-11-07-static-v1
ukZn2RJb7TU,sklearn_model_training,2025-11-07-static-v1
8jazNUpO3lQ,sklearn_model_training,2025-11-07-static-v1
R15LjD8aCzc,sklearn_model_training,2025-11-07-static-v1
b0L47BeklTE,sklearn_model_training,2025-11-07-static-v1
aV_sRopNTrw,sklearn_model_training,2025-11-07-static-v1
9crcSlhReas,sklearn_model_training,2025-11-07-static-v1
S-50vbGGaME,sklearn_model_training,2025-11-07-static-v1
feDJkDaNuOk,sklearn_model_training,2025-11-07-static-v1
icCKg7LIYF0,sklearn_model_training,2025-11-07-static-v1
3Q6gzUPecLE,sklearn_model_training,2025-11-07-static-v1
1nv-geRSeqk,sklearn_model_training,2025-11-07-static-v1
X2fM06o-9Pc,sklearn_model_training,2025-11-07-static-v1
VqKq78PVO9g,sklearn_model_training,2025-11-07-static-v1
N6l46rYSCpM,sklearn_model_training,2025-11-07-static-v1
hS2IZOX1rmI,sklearn_model_training,2025-11-07-static-v1
ZF4snBjonEo,sklearn_model_training,2025-11-07-static-v1
JHWqWIoac2I,pytorch_neural_networks,2025-11-07-static-v1
ORMx45xqWkA,pytorch_neural_networks,2025-11-07-static-v1
tHL5STNJKag,pytorch_neural_networks,2025-11-07-static-v1
mozBidd58VQ,pytorch_neural_networks,2025-11-07-static-v1
FHdlXe1bSe4,pytorch_neural_networks,2025-11-07-static-v1
V_xro1bcAuA,pytorch_neural_networks,2025-11-07-static-v1
_fZwxh2aro8,pytorch_neural_networks,2025-11-07-static-v1
IFsVsXAqPto,pytorch_neural_networks,2025-11-07-static-v1
r1bquDz5GGA,pytorch_neural_networks,2025-11-07-static-v1
fJ40w_2h8kk,pytorch_neural_networks,2025-11-07-static-v1
khMzi6xPbuM,pytorch_neural_networks,2025-11-07-static-v1
e5CDe00B3vE,pytorch_neural_networks,2025-11-07-static-v1
Jy4wM2X21u0,pytorch_neural_networks,2025-11-07-static-v1
fSgNjOvXTCs,pytorch_neural_networks,2025-11-07-static-v1
GIsg-ZUy0MY,pytorch_neural_networks,2025-11-07-static-v1
MswxJw-8PvE,pytorch_neural_networks,2025-11-07-static-v1
5TTliT31bew,pytorch_neural_networks,2025-11-07-static-v1
z-ZR_8BZ1wQ,pytorch_neural_networks,2025-11-07-static-v1
pDdP0TFzsoQ,pytorch_neural_networks,2025-11-07-static-v1
po5qTPKBrRc,pytorch_neural_networks,2025-11-07-static-v1
c36lUUr864M,pytorch_neural_networks,2025-11-07-static-v1
OIenNRt2bjg,pytorch_neural_networks,2025-11-07-static-v1
kY14KfZQ1TI,pytorch_neural_networks,2025-11-07-static-v1
Z_ikDlimN6A,pytorch_neural_networks,2025-11-07-static-v1
iyHkg7TmHmE,pytorch_neural_networks,2025-11-07-static-v1
zcXD8IDa4N4,pytorch_neural_networks,2025-11-07-static-v1
rgP_LBtaUEc,pytorch_neural_networks,2025-11-07-static-v1
IC0_FRiX-sw,pytorch_neural_networks,2025-11-07-static-v1
Idg5uFnpV1M,pytorch_neural_networks,2025-11-07-static-v1
IiZ-88nFMZM,pytorch_neural_networks,2025-11-07-static-v1
OXirbkI2a44,pytorch_neural_networks,2025-11-07-static-v1
5ioMqzMRFgM,pytorch_neural_networks,2025-11-07-static-v1
cLLsc4Hlo-8,pytorch_neural_networks,2025-11-07-static-v1
oM0sfPWHW7k,pytorch_neural_networks,2025-11-07-static-v1
r7QDUPb2dCM,pytorch_neural_networks,2025-11-07-static-v1
E0bwEAWmVEM,pytorch_neural_networks,2025-11-07-static-v1
i8NETqtGHms,pytorch_neural_networks,2025-11-07-static-v1
lhnYJnYxzFI,pytorch_neural_networks,2025-11-07-static-v1
zEy9rFnKDAw,pytorch_neural_networks,2025-11-07-static-v1
w8yWXqWQYmU,pytorch_neural_networks,2025-11-07-static-v1
cAkMcPfY_Ns,pytorch_neural_networks,2025-11-07-static-v1
IkqlBFeSmug,pytorch_neural_networks,2025-11-07-static-v1
A83BbHFoKb8,pytorch_neural_networks,2025-11-07-static-v1
hfMk-kjRv4c,pytorch_neural_networks,2025-11-07-static-v1
VMj-3S1tku0,pytorch_neural_networks,2025-11-07-static-v1
_pIMdDWK5sc,pytorch_neural_networks,2025-11-07-static-v1
aircAruvnKk,pytorch_neural_networks,2025-11-07-static-v1
clqzN2lA6Io,pytorch_neural_networks,2025-11-07-static-v1
NMiNCUt7qgw,tensorflow_image_classification,2025-11-07-static-v1
7HPwo4wnJeA,tensorflow_image_classification,2025-11-07-static-v1
IIs1flEtpQk,tensorflow_image_classification,2025-11-07-static-v1
Gz_PsRRxrHM,tensorflow_image_classification,2025-11-07-static-v1
AACPaoDsd50,tensorflow_image_classification,2025-11-07-static-v1
u2TjZzNuly8,tensorflow_image_classification,2025-11-07-static-v1
i8NETqtGHms,tensorflow_image_classification,2025-11-07-static-v1
jztwpsIzEGc,tensorflow_image_classification,2025-11-07-static-v1
vpber1mwvrE,tensorflow_image_classification,2025-11-07-static-v1
uPKsnSu_09M,tensorflow_image_classification,2025-11-07-static-v1
7JvriP1lWJA,tensorflow_image_classification,2025-11-07-static-v1
qaQofXTxkSo,tensorflow_image_classification,2025-11-07-static-v1
6NaxGOxThYY,tensorflow_image_classification,2025-11-07-static-v1
MW4qG56mbhg,tensorflow_image_classification,2025-11-07-static-v1
NtFzp48AgBo,tensorflow_image_classification,2025-11-07-static-v1
EvE0xT36kO0,tensorflow_image_classification,2025-11-07-static-v1
taC5pMCm70U,tensorflow_image_classification,2025-11-07-static-v1
_pBeazWc0eQ,tensorflow_image_classification,2025-11-07-static-v1
Aj9i2_L2MYk,tensorflow_image_classification,2025-11-07-static-v1
po5qTPKBrRc,tensorflow_image_classification,2025-11-07-static-v1
x_VrgWTKkiM,tensorflow_image_classification,2025-11-07-static-v1
tPYj3fFJGjk,tensorflow_image_classification,2025-11-07-static-v1
zfiSAzpy9NM,tensorflow_image_classification,2025-11-07-static-v1
qFJeN9V1ZsI,tensorflow_image_classification,2025-11-07-static-v1
VPlFpvLOgtQ,tensorflow_image_classification,2025-11-07-static-v1
wQ8BIBpya2k,tensorflow_image_classification,2025-11-07-static-v1
6_2hzRopPbQ,tensorflow_image_classification,2025-11-07-static-v1
WvoLTXIjBYU,tensorflow_image_classification,2025-11-07-static-v1
9NsfX9W80rw,tensorflow_image_classification,2025-11-07-static-v1
z-ZR_8BZ1wQ,tensorflow_image_classification,2025-11-07-static-v1
eMMZpas-zX0,tensorflow_image_classification,2025-11-07-static-v1
1saRltqot8c,tensorflow_image_classification,2025-11-07-static-v1
QzY57FaENXg,tensorflow_image_classification,2025-11-07-static-v1
fSgNjOvXTCs,tensorflow_image_classification,2025-11-07-static-v1
969JyYVM0Pg,tensorflow_image_classification,2025-11-07-static-v1
ORMx45xqWkA,tensorflow_image_classification,2025-11-07-static-v1
9mf4tj8TR4o,tensorflow_image_classification,2025-11-07-static-v1
IA3WxTTPXqQ,tensorflow_image_classification,2025-11-07-static-v1
P8MZ1Z2LHrw,tensorflow_image_classification,2025-11-07-static-v1
eJ_SIwDCPBc,tensorflow_image_classification,2025-11-07-static-v1
QwTW870n2pQ,tensorflow_image_classification,2025-11-07-static-v1
zqgpoSPJnKQ,tensorflow_image_classification,2025-11-07-static-v1
OBu-aGl-NSo,tensorflow_image_classification,2025-11-07-static-v1
FEMDZWXfdSE,tensorflow_image_classification,2025-11-07-static-v1
aL6Dm9jtVIY,tensorflow_image_classification,2025-11-07-static-v1
dVT7cFcSg0s,tensorflow_image_classification,2025-11-07-static-v1
Pkjmsxrz57o,tensorflow_image_classification,2025-11-07-static-v1
cPmjQ9V6Hbk,tensorflow_image_classification,2025-11-07-static-v1
bemDFpNooA8,tensorflow_image_classification,2025-11-07-static-v1
iyHkg7TmHmE,tensorflow_image_classification,2025-11-07-static-v1
j-35y1M9rRU,tensorflow_image_classification,2025-11-07-static-v1
zEy9rFnKDAw,tensorflow_image_classification,2025-11-07-static-v1
VtRLrQ3Ev-U,tensorflow_image_classification,2025-11-07-static-v1
KNAWp2S3w94,tensorflow_image_classification,2025-11-07-static-v1
WzzW8f5H_MQ,tensorflow_image_classification,2025-11-07-static-v1
C5Qwr75cyzw,tensorflow_image_classification,2025-11-07-static-v1
QX6dvpMjP3I,tensorflow_image_classification,2025-11-07-static-v1
E__eD-ZpxHk,tensorflow_image_classification,2025-11-07-static-v1
4G5EO9fXj_c,tensorflow_image_classification,2025-11-07-static-v1
JCuVUUa1V7k,tensorflow_image_classification,2025-11-07-static-v1
D746UYYpTK4,tensorflow_image_classification,2025-11-07-static-v1
5JAZiue-fzY,tensorflow_image_classification,2025-11-07-static-v1
pGpACe28shM,tensorflow_image_classification,2025-11-07-static-v1
J1jhfAw5Uvo,tensorflow_image_classification,2025-11-07-static-v1
44U8jJxaNp8,tensorflow_image_classification,2025-11-07-static-v1
LsdxvjLWkIY,tensorflow_image_classification,2025-11-07-static-v1
CLHk6DniYg0,tensorflow_image_classification,2025-11-07-static-v1
dFdMyUbtKM4,tensorflow_image_classification,2025-11-07-static-v1
V61xy1ZnVTM,tensorflow_image_classification,2025-11-07-static-v1
tOpAcWNr6cQ,tensorflow_image_classification,2025-11-07-static-v1
yOXHbRR4IRk,tensorflow_image_classification,2025-11-07-static-v1
VIYnV5zXals,tensorflow_image_classification,2025-11-07-static-v1
pYVScuY-GPk,feature_engineering,2025-11-07-static-v1
Bg3CjiJ67Cc,feature_engineering,2025-11-07-static-v1
uu8um0JmYA8,feature_engineering,2025-11-07-static-v1
ft77eXtn30Q,feature_engineering,2025-11-07-static-v1
GduT2ZCc26E,feature_engineering,2025-11-07-static-v1
d12ra3b_M-0,feature_engineering,2025-11-07-static-v1
hCwTDTdYirg,feature_engineering,2025-11-07-static-v1
xhB-dmKmzRk,feature_engineering,2025-11-07-static-v1
X4pWmkxEikM,feature_engineering,2025-11-07-static-v1
PeMlggyqz0Y,feature_engineering,2025-11-07-static-v1
ABV2YS9jbzE,feature_engineering,2025-11-07-static-v1
LHWFu___jgw,feature_engineering,2025-11-07-static-v1
sluoVhT0ehg,feature_engineering,2025-11-07-static-v1
vsKNxbP8R_8,feature_engineering,2025-11-07-static-v1
uROvhp7cj6Q,feature_engineering,2025-11-07-static-v1
ZAaNMWDi8Ds,feature_engineering,2025-11-07-static-v1
fHFOANOHwh8,feature_engineering,2025-11-07-static-v1
E0Hmnixke2g,feature_engineering,2025-11-07-static-v1
WElBhXr9B7c,feature_engineering,2025-11-07-static-v1
gX7lV-pokn4,feature_engineering,2025-11-07-static-v1
DkLQtGqQedo,feature_engineering,2025-11-07-static-v1
BdL-cKUG4hE,feature_engineering,2025-11-07-static-v1
FUB1KlhqH58,feature_engineering,2025-11-07-static-v1
AnZWCB1gpfE,feature_engineering,2025-11-07-static-v1
3R5mfnzGAQk,feature_engineering,2025-11-07-static-v1
krCoPfnduzU,feature_engineering,2025-11-07-static-v1
U_kn7U-eZRw,feature_engineering,2025-11-07-static-v1
vW8Ykd2nCCk,feature_engineering,2025-11-07-static-v1
AU_hBML2H1c,feature_engineering,2025-11-07-static-v1
jM3tBsLYRdY,feature_engineering,2025-11-07-static-v1
jql3TvWuCJs,feature_engineering,2025-11-07-static-v1
JviZB2d64KU,feature_engineering,2025-11-07-static-v1
ivvxfWR1azI,feature_engineering,2025-11-07-static-v1
Bm2eATh8OZ8,feature_engineering,2025-11-07-static-v1
zY4Hu998lFE,feature_engineering,2025-11-07-static-v1
yJcIDIPOlA0,feature_engineering,2025-11-07-static-v1
FwbXHY8KCUw,feature_engineering,2025-11-07-static-v1
oEKg_jiV1Ng,feature_engineering,2025-11-07-static-v1
RZvPgSiOYas,feature_engineering,2025-11-07-static-v1
zlsTPVFw2_M,feature_engineering,2025-11-07-static-v1
2JB_yJPlvP8,feature_engineering,2025-11-07-static-v1
Fn1Hpt70K4g,feature_engineering,2025-11-07-static-v1
YRCLmV4t9lI,feature_engineering,2025-11-07-static-v1
NKakENiEaPs,feature_engineering,2025-11-07-static-v1
a0bw8EeAxc8,feature_engineering,2025-11-07-static-v1
4-4pKPv9lJ4,feature_engineering,2025-11-07-static-v1
XdX8xIJpemc,feature_engineering,2025-11-07-static-v1
Kjo1xuKgGIM,feature_engineering,2025-11-07-static-v1
jVJ082-WodY,feature_engineering,2025-11-07-static-v1
LUZGlS07YiY,feature_engineering,2025-11-07-static-v1
Fa_V9fP2tpU,feature_engineering,2025-11-07-static-v1
LbX4X71-TFI,model_evaluation_metrics,2025-11-07-static-v1
lt1YxJ_8Jzs,model_evaluation_metrics,2025-11-07-static-v1
PeYQIyOyKB8,model_evaluation_metrics,2025-11-07-static-v1
wpQiEHYkBys,model_evaluation_metrics,2025-11-07-static-v1
iQOgCcbfXsI,model_evaluation_metrics,2025-11-07-static-v1
iKM8zUzYULs,model_evaluation_metrics,2025-11-07-static-v1
FXokoJUhsLQ,model_evaluation_metrics,2025-11-07-static-v1
M05L1DhFqcw,model_evaluation_metrics,2025-11-07-static-v1
qWfzIYCvBqo,model_evaluation_metrics,2025-11-07-static-v1
8d3JbbSj-I8,model_evaluation_metrics,2025-11-07-static-v1
P7L5Frmdz4s,model_evaluation_metrics,2025-11-07-static-v1
pGPiRRfNsr0,model_evaluation_metrics,2025-11-07-static-v1
epZQq_tBaT4,model_evaluation_metrics,2025-11-07-static-v1
2osIZ-dSPGE,model_evaluation_metrics,2025-11-07-static-v1
aWAnNHXIKww,model_evaluation_metrics,2025-11-07-static-v1
cRz0BWkuwHg,model_evaluation_metrics,2025-11-07-static-v1
q7LwPoM7tSQ,model_evaluation_metrics,2025-11-07-static-v1
Ti7c-Hz7GSM,model_evaluation_metrics,2025-11-07-static-v1
TrzUlo4BImM,model_evaluation_metrics,2025-11-07-static-v1
kDY4TodQwbg,model_evaluation_metrics,2025-11-07-static-v1
Kdsp6soqA7o,model_evaluation_metrics,2025-11-07-static-v1
aDW44NPhNw0,model_evaluation_metrics,2025-11-07-static-v1
fSytzGwwBVw,model_evaluation_metrics,2025-11-07-static-v1
E0Hmnixke2g,model_evaluation_metrics,2025-11-07-static-v1
4jRBRDbJemM,model_evaluation_metrics,2025-11-07-static-v1
yN7ypxC7838,model_evaluation_metrics,2025-11-07-static-v1
4wr1LesHDHc,model_evaluation_metrics,2025-11-07-static-v1
A_ZKMsZ3f3o,model_evaluation_metrics,2025-11-07-static-v1
KdUrfY1yM0w,model_evaluation_metrics,2025-11-07-static-v1
hkgJfS1LgSc,model_evaluation_metrics,2025-11-07-static-v1
c09drtuCS3c,model_evaluation_metrics,2025-11-07-static-v1
_CGTbkHwUHQ,model_evaluation_metrics,2025-11-07-static-v1
AZ45uzDTE9Y,model_evaluation_metrics,2025-11-07-static-v1
tYZ6cpatw-w,model_evaluation_metrics,2025-11-07-static-v1
iK-kdhJ-7yI,model_evaluation_metrics,2025-11-07-static-v1
V2km7VW8t4Q,model_evaluation_metrics,2025-11-07-static-v1
uuQ4XLeyWG0,model_evaluation_metrics,2025-11-07-static-v1
83Gh8XsfZMo,model_evaluation_metrics,2025-11-07-static-v1
5vqk6HnITko,model_evaluation_metrics,2025-11-07-static-v1
w1RySTwe6Dk,model_evaluation_metrics,2025-11-07-static-v1
3dhcmeOTZ_Q,model_evaluation_metrics,2025-11-07-static-v1
spvYjEWtX-o,model_evaluation_metrics,2025-11-07-static-v1
SH4soR1O7fY,model_evaluation_metrics,2025-11-07-static-v1
dMtzHp3pBWs,model_evaluation_metrics,2025-11-07-static-v1
RYJ1WYUe9_M,model_evaluation_metrics,2025-11-07-static-v1
UVaUn_vT4VU,model_evaluation_metrics,2025-11-07-static-v1
jbWMQWLkuWk,model_evaluation_metrics,2025-11-07-static-v1
KZ_-Xu5A9yM,model_evaluation_metrics,2025-11-07-static-v1
W01eOG4k0es,model_evaluation_metrics,2025-11-07-static-v1
KNlJVUVbaMg,model_evaluation_metrics,2025-11-07-static-v1
wr0HbHKjMyA,model_evaluation_metrics,2025-11-07-static-v1
QAWwupiu4JI,model_evaluation_metrics,2025-11-07-static-v1
Z8tUuplPYlI,model_evaluation_metrics,2025-11-07-static-v1
7FSF3W7-wIQ,model_evaluation_metrics,2025-11-07-static-v1
cpQC6cYE6Ts,model_evaluation_metrics,2025-11-07-static-v1
jyeNAByFL_A,model_evaluation_metrics,2025-11-07-static-v1
bN-yBh4GAeY,model_evaluation_metrics,2025-11-07-static-v1
PoqGrCscJ7k,model_evaluation_metrics,2025-11-07-static-v1
8yZTriANUrA,model_evaluation_metrics,2025-11-07-static-v1
pss3RKf9gP4,model_evaluation_metrics,2025-11-07-static-v1
jr_BcU4QlNE,model_evaluation_metrics,2025-11-07-static-v1
LxcRFNRgLCs,model_evaluation_metrics,2025-11-07-static-v1
8Oog7TXHvFY,model_evaluation_metrics,2025-11-07-static-v1
bgyN3RO2ICo,model_evaluation_metrics,2025-11-07-static-v1
SUikDsbgUIY,model_evaluation_metrics,2025-11-07-static-v1
q4MnddDBLoI,model_evaluation_metrics,2025-11-07-static-v1
AOIkPnKu0YA,model_evaluation_metrics,2025-11-07-static-v1
92ww8yNxuOQ,model_evaluation_metrics,2025-11-07-static-v1
L3r7fL18L3E,model_evaluation_metrics,2025-11-07-static-v1
vezkZNorkMU,model_evaluation_metrics,2025-11-07-static-v1
OHBvQOGjTFo,model_evaluation_metrics,2025-11-07-static-v1
zqJLLaDd4QQ,model_evaluation_metrics,2025-11-07-static-v1
gkNccYwtAbU,model_evaluation_metrics,2025-11-07-static-v1
